vendornumber,vendorname,total_orders_placed,avg_purchase_quantity,total_purchase_quantity,total_purchase_dollars,total_freight,avg_days_order_to_invoice,avg_days_invoice_to_payment
2496,DUGGANS DISTILLED PRODUCTS ,55,342.0,18814.0,184296.5,939.2699999999998,16.22,34.13
3950,"HOOD RIVER DISTILLERS, Inc.",36,32.0,1137.0,24035.959999999995,117.52000000000001,16.08,35.08
90053,INCREDIBREW INC            ,52,54.0,2786.0,24525.839999999997,124.44000000000003,15.92,35.25
8112,MOET HENNESSY USA INC      ,55,7779.0,427867.0,9472995.2,48347.26,15.62,35.44
6355,NICHE W & S                ,55,169.0,9277.0,111031.77000000002,551.2099999999999,16.53,35.31
10754,PERFECTA WINES             ,55,10057.0,553116.0,5665501.530000001,28720.52,15.95,35.09
17035,PERNOD RICARD USA          ,55,29956.0,1647558.0,24124091.56,123780.21999999997,15.71,36.07
8004,SAZERAC CO INC             ,55,25777.0,1417727.0,9916770.259999998,50293.62000000002,16.24,35.73
8673,STE MICHELLE WINE ESTATES  ,55,7633.0,419822.0,3086650.7,15919.700000000003,16.65,34.51
28776,TALL SHIP DISTILLERY LLC   ,51,44.0,2236.0,48445.58,259.90000000000003,17.24,35.08
9751,VINEDREA WINES LLC         ,20,10.0,205.0,4657.599999999999,24.53,15.75,38.8
90010,VINEXTRA INC               ,55,155.0,8530.0,102639.51,524.9400000000002,15.84,34.98
90058,ZORVINO VINEYARDS          ,55,192.0,10550.0,86122.70999999999,448.6800000000001,16.55,34.29
7240,"PREMIUM PORT WINES, INC.   ",53,154.0,8167.0,59760.73999999999,301.2,15.66,35.77
90033,FANTASY FINE WINES CORP    ,2,12.0,24.0,128.64,0.61,19.0,29.0
5083,LOYAL DOG WINERY           ,3,80.0,240.0,2320.8,10.68,19.33,28.67
1128,BROWN-FORMAN CORP          ,55,18293.0,1006122.0,13529433.080000006,68601.68000000001,16.98,36.16
1590,DIAGEO CHATEAU ESTATE WINES,55,3415.0,187841.0,1365472.8299999996,7259.75,15.78,35.64
3960,DIAGEO NORTH AMERICA INC   ,55,99269.0,5459788.0,50959796.849999994,257032.07000000007,16.73,35.62
10000,MAJESTIC FINE WINES        ,55,8111.0,446119.0,3506668.63,17587.59,16.04,36.71
6785,PALM BAY INTERNATIONAL INC ,55,6831.0,375697.0,2693984.3300000005,13605.409999999998,15.84,36.16
8320,SHAW ROSS INT L IMP LTD    ,55,1257.0,69127.0,624979.6400000001,3151.9200000000014,17.2,34.49
3089,SIDNEY FRANK IMPORTING CO  ,55,3390.0,186464.0,1715908.8799999997,8549.550000000001,16.24,36.33
2000,SOUTHERN WINE & SPIRITS NE ,67,6073.0,406875.0,3740617.3799999994,19016.59,16.03,36.34
8892,TRINCHERO FAMILY ESTATES   ,55,6410.0,352526.0,2252211.31,11595.970000000003,16.09,33.95
1003,BRONCO WINE COMPANY        ,26,17.0,433.0,2071.9,10.530000000000001,16.54,36.12
28750,SMOKY QUARTZ DISTILLERY LLC,48,67.0,3197.0,69803.71000000002,342.65,16.69,35.19
12331,STELLAR IMPORTING CO LLC   ,51,61.0,3104.0,24560.080000000005,119.22999999999998,16.27,36.2
2,"IRA GOLDMAN AND WILLIAMS, LLP          ",4,82.0,328.0,5630.88,27.08,16.5,36.25
1189,BULLY BOY DISTILLERS       ,53,102.0,5382.0,117928.22,609.3900000000002,16.0,34.45
1485,CASTLE BRANDS CORP.        ,55,1913.0,105220.0,1679383.91,8497.589999999998,16.42,35.69
4380,CHARLES JACQUIN ET CIE INC ,55,799.0,43947.0,329637.62,1675.3900000000008,16.93,34.35
90047,CRUSH WINES                ,55,479.0,26349.0,287189.89999999997,1457.7299999999998,16.36,35.05
2450,DJINN SPIRITS LLC          ,51,52.0,2637.0,48830.78,251.27999999999994,16.35,36.27
3252,E & J GALLO WINERY         ,55,33787.0,1858260.0,12289608.089999998,61966.909999999996,15.73,36.55
2561,EDRINGTON AMERICAS         ,54,1158.0,62542.0,1882832.8399999992,9654.500000000002,16.07,35.2
9744,FREDERICK WILDMAN & SONS   ,55,1290.0,70932.0,759449.24,3999.9299999999994,16.13,35.85
12546,JIM BEAM BRANDS COMPANY    ,55,49767.0,2737165.0,24203151.05000001,123880.96999999999,15.33,35.67
4550,KLIN SPIRITS LLC           ,54,127.0,6840.0,103484.29000000002,531.5,17.28,34.65
4692,KOBRAND CORPORATION        ,55,2927.0,161002.0,1808146.3299999996,9139.38,17.13,35.0
5992,MCCORMICK DISTILLING CO    ,54,552.0,29788.0,310552.86999999994,1567.85,16.46,34.44
7154,PREMIER DISTRIBUTORS       ,54,110.0,5916.0,84530.87000000001,432.37000000000006,16.2,36.83
7245,PROXIMO SPIRITS INC.       ,55,12401.0,682042.0,7588029.899999999,38994.78000000001,16.0,35.53
10050,Russian Standard Vodka     ,51,251.0,12798.0,138907.27000000002,732.5999999999999,16.9,36.47
653,STATE WINE & SPIRITS   ,55,2802.0,154092.0,1529682.0400000003,8014.98,16.16,35.62
8664,"STOLI GROUP,(USA) LLC      ",55,5710.0,314035.0,3666478.7199999983,18544.489999999998,16.98,34.25
9165,ULTRA BEVERAGE COMPANY LLP ,55,19591.0,1077527.0,13210613.930000002,68054.70000000003,17.38,35.69
90024,VINILANDIA USA             ,55,1081.0,59428.0,548855.3700000002,2802.6400000000003,16.07,35.6
9622,WEIN BAUER INC             ,53,57.0,3014.0,43517.00000000001,222.23,16.51,35.68
287,APPOLO VINEYARDS LLC       ,13,18.0,230.0,2399.7000000000003,12.28,16.38,37.38
90051,FULCHINO VINEYARD INC      ,34,28.0,949.0,11147.769999999997,54.91000000000001,16.68,33.88
5612,MILTONS DISTRIBUTING CO    ,10,27.0,267.0,1824.1799999999998,9.459999999999999,16.6,36.7
1439,CAPSTONE INTERNATIONAL     ,1,4.0,4.0,54.64,0.27,14.0,31.0
172662,SWEETWATER FARM         ,29,56.0,1629.0,34708.030000000006,178.34,16.72,35.0
6280,UNCORKED       ,7,35.0,243.0,2966.31,15.260000000000002,16.29,39.71
3551,GILMANTON WINERY & VINEYARD,8,65.0,516.0,5393.040000000001,26.629999999999995,16.0,39.5
54,AAPER ALCOHOL & CHEMICAL CO,1,1.0,1.0,105.07,0.48,14.0,43.0
105,ALTAMAR BRANDS LLC         ,40,8.0,332.0,11706.200000000006,62.39000000000001,16.98,34.98
480,BACARDI USA INC            ,55,25947.0,1427075.0,17624378.719999995,89286.26999999999,17.18,34.78
516,BANFI PRODUCTS CORP        ,55,4147.0,228103.0,1628866.6800000002,8510.410000000002,16.45,35.2
1392,CONSTELLATION BRANDS INC   ,55,42289.0,2325892.0,15573917.899999999,79528.99,16.25,36.29
7255,PSP WINES ,54,305.0,16493.0,128895.68999999999,648.71,17.09,34.54
3664,WILLIAM GRANT & SONS INC   ,55,5503.0,302685.0,5960744.350000001,30234.42000000001,16.24,36.64
9815,WINE GROUP INC             ,55,16152.0,888385.0,5258636.79,27100.409999999996,16.47,35.75
90026,SILVER MOUNTAIN CIDERS     ,2,9.0,17.0,77.17999999999999,0.36,16.5,30.5
60,ADAMBA IMPORTS INTL INC    ,35,135.0,4732.0,76770.25,367.52,16.49,35.69
99166,STARK BREWING COMPANY      ,12,101.0,1212.0,25961.039999999997,130.08999999999997,16.67,35.67
90046,CANDIA VINEYARDS           ,50,52.0,2609.0,36588.01000000002,194.13000000000005,16.82,35.14
2242,DELICATO VINEYARDS INC     ,55,3503.0,192642.0,1561444.6300000004,7982.649999999999,15.98,36.38
2555,DISARONNO INTERNATIONAL LLC,55,1874.0,103095.0,1141947.85,5861.030000000001,16.07,36.51
1655,FABRIZIA SPIRITS LLC       ,54,520.0,28071.0,358390.6200000001,1824.8900000000006,16.43,35.41
17031,FLAG HILL WINERY & VINEYARD,55,375.0,20608.0,300403.20000000007,1573.3099999999997,16.93,34.25
90011,FORTUNE WINE BROKERS LLC   ,53,96.0,5072.0,46940.17,238.61,16.58,36.11
17032,JEWELL TOWNE VINEYARDS     ,54,123.0,6630.0,54332.37000000001,283.60999999999996,16.37,36.0
4950,LATITUDE BEVERAGE COMPANY  ,55,965.0,53090.0,316446.76000000007,1609.9999999999995,16.33,34.64
8352,LUXCO INC                  ,55,5150.0,283260.0,2051436.01,10261.599999999997,16.53,34.87
6215,MOONLIGHT MEADERY          ,54,148.0,7967.0,71357.59,365.6100000000001,16.46,34.91
9206,PHILLIPS PRODUCTS CO.      ,55,728.0,40054.0,430945.89000000013,2211.83,16.42,35.49
7153,PINE STATE TRADING CO      ,55,7717.0,424427.0,3129071.589999999,15884.819999999998,16.05,34.36
90027,POVERTY LANE ORCHARDS      ,47,125.0,5872.0,45269.00999999998,229.87999999999997,16.19,34.57
8663,STAR INDUSTRIES INC.       ,13,12.0,151.0,2452.29,12.439999999999998,16.23,35.38
90056,SWEET BABY VINEYARD        ,54,311.0,16805.0,140577.90000000002,703.6400000000001,16.67,35.52
1587,VINEYARD BRANDS INC        ,58,2971.0,172290.0,1207114.3199999998,6070.089999999999,16.4,35.33
5270,MANGO BOTTLING INC         ,38,748.0,28414.0,204510.38,1034.42,16.84,36.03
3951,HIGHLAND WINE MERCHANTS LLC,7,53.0,372.0,5500.32,29.430000000000003,16.71,37.14
201359,FLAVOR ESSENCE INC         ,1,1.0,1.0,17.0,0.09,22.0,38.0
2396,BLACK PRINCE DISTILLERY INC,35,23.0,807.0,5971.939999999999,30.98,17.0,33.34
2876,CENTEUR IMPORTS LLC        ,38,20.0,771.0,6237.08,31.49999999999999,16.89,35.03
3924,HEAVEN HILL DISTILLERIES   ,55,6406.0,352348.0,2816661.9399999995,14069.869999999995,16.18,35.44
90032,LABELLE VYDS AND WINERY    ,54,238.0,12855.0,146839.55,778.25,16.5,35.91
4425,MARTIGNETTI COMPANIES,82,32200.0,2640411.0,27861690.019999996,144929.24,15.93,37.15
6213,MHW LTD                    ,55,3913.0,215201.0,1888333.0099999998,9621.580000000002,16.84,34.93
660,SAZERAC NORTH AMERICA INC. ,55,9162.0,503931.0,3537977.55,17932.329999999994,16.22,36.15
8735,SURVILLE ENTERPRISES CORP  ,54,120.0,6504.0,51325.769999999975,263.32,16.76,35.06
9819,TREASURY WINE ESTATES      ,55,9050.0,497770.0,2978686.399999999,14836.570000000005,16.02,34.84
9625,WESTERN SPIRITS BEVERAGE CO,55,1034.0,56860.0,361249.20999999985,1933.1899999999996,16.38,35.31
1265,BLACK ROCK SPIRITS LLC     ,18,5.0,82.0,1152.0999999999997,5.790000000000002,16.83,37.06
173357,TAMWORTH DISTILLING        ,45,44.0,1990.0,41036.439999999995,202.5,17.44,34.78
90057,WALPOLE MTN VIEW WINERY    ,32,25.0,805.0,9292.31,46.739999999999995,17.19,35.19
1703,ALISA CARR BEVERAGES           ,19,23.0,438.0,34951.68,172.00000000000003,15.74,37.79
6830,PARK STREET IMPORTS LLC    ,32,136.0,4349.0,69459.42000000001,360.29,15.81,36.44
200,AMERICAN SPIRITS EXCHANGE  ,6,22.0,132.0,1205.1599999999999,6.19,18.83,36.0
9099,TRUETT HURST               ,1,24.0,24.0,236.64,1.25,18.0,31.0
1273,CALEDONIA SPIRITS INC      ,54,152.0,8202.0,259604.70000000007,1319.7700000000002,16.61,35.24
11567,CAMPARI AMERICA            ,55,9114.0,501284.0,4141720.7100000004,20964.809999999998,16.47,36.09
4848,LAIRD & CO                 ,55,389.0,21422.0,203011.58,1043.69,16.02,36.56
6359,OLE SMOKY DISTILLERY LLC   ,54,2040.0,110162.0,387622.6899999999,1922.0,17.22,34.26
8920,TAKARA SAKE USA INC        ,55,165.0,9066.0,45289.34,232.99000000000007,17.02,34.67
17037,Dunn Wine Brokers          ,50,109.0,5448.0,72055.3,358.03000000000003,15.62,36.66
90052,HAUNTING WHISPER VYDS      ,30,22.0,669.0,5388.579999999999,27.61,16.37,33.1
17033,SEA BREEZE CELLARS LLC     ,53,160.0,8473.0,108948.08999999998,549.5500000000002,16.55,34.11
90037,THE PIERPONT GROUP LLC     ,25,23.0,580.0,5713.1900000000005,27.980000000000004,17.64,34.8
7749,R.P.IMPORTS INC            ,16,31.0,498.0,18776.869999999995,91.5,15.19,37.19
4901,LAUREATE IMPORTS CO        ,1,29.0,29.0,140.94,0.72,21.0,41.0
90059,BLACK COVE BEVERAGES       ,8,115.0,919.0,14465.06,74.84,15.38,36.88
4466,AMERICAN VINTAGE BEVERAGE  ,55,287.0,15778.0,156357.28,793.9100000000003,16.04,35.84
388,ATLANTIC IMPORTING COMPANY ,53,35.0,1847.0,41116.32,211.7400000000001,16.51,35.11
9552,M S WALKER INC             ,55,24961.0,1372841.0,10935817.3,55551.819999999985,16.76,35.6
5455,MARSALLE COMPANY           ,55,130.0,7158.0,185311.19000000003,937.21,16.93,36.02
7239,REMY COINTREAU USA INC     ,55,2588.0,142363.0,3354958.28,16978.669999999995,16.95,35.55
8150,SEA HAGG DISTILLERY LLC    ,54,285.0,15412.0,188044.46,935.5199999999999,15.85,36.39
98450,Serralles Usa LLC          ,54,194.0,10463.0,168993.60999999993,856.02,16.09,36.35
1601,VRANKEN AMERICA            ,54,242.0,13094.0,208330.15000000005,1048.9699999999998,16.48,35.81
9260,TY KU LLC                  ,50,60.0,3003.0,38921.47000000001,198.94,17.24,34.46
1650,Circa Wines                ,43,77.0,3320.0,42554.34,211.96999999999997,15.98,37.07
90017,THE IMPORTED GRAPE LLC     ,47,49.0,2280.0,16093.769999999993,80.03,16.26,34.4
